Name,Price,Link
Steelseries Arctis Pro Wireless Ausinės naudotos būklė Puiki,"€118,00",https://reshop.lt/collections/ausines/products/copy-of-steelseries-arctis-pro-wireless-black-br-ausines-naudotos-bukle-puiki
Turtle Beach Stealth 700 Ausinės naudotos būklė Puiki,"€98,00",https://reshop.lt/collections/ausines/products/turtle-beach-stealth-700-black-grade-a
Turtle Beach Stealth 700 Gen 2 Ausinės naudotos būklė Puiki,"€97,00",https://reshop.lt/collections/ausines/products/turtle-beach-stealth-700-gen-2-black-br-ausines-naudotos-bukle-puiki
Turtle Beach Elite Pro 2+ SuperAmp  Ausinės naudotos būklė Puiki,"€89,00",https://reshop.lt/collections/ausines/products/turtle-beach-elite-pro-2-superamp-white-grade-a
Steelseries Arctis Pro Black Ausinės naudotos būklė Puiki,"€80,00",https://reshop.lt/collections/ausines/products/copy-of-steelseries-arctis-pro-wireless-black-br-ausines-naudotos-bukle-labai-gera
Plantronics RIG 800HS  Ausinės naudotos būklė Labai gera,"€75,00",https://reshop.lt/collections/ausines/products/plantronics-rig-800hs-black-grade-b
Jaybird Vista Black Ausinės naudotos būklė Puiki,"€69,00",https://reshop.lt/collections/ausines/products/jaybird-vista-black-grade-a
Logitech G933  Ausinės naudotos būklė Puiki,"€69,00",https://reshop.lt/collections/ausines/products/logitech-g933-artemis-spectrum-black-grade-a
Logitech G935 Black Ausinės naudotos būklė Puiki,"€69,00",https://reshop.lt/collections/ausines/products/logitech-g935-black-grade-a
Jaybird Vista Blue Ausinės naudotos būklė Puiki,"€69,00",https://reshop.lt/collections/ausines/products/jaybird-vista-blue-br-ausines-naudotos-bukle-puiki
Turtle Beach Elite Pro 2+ SuperAmp  Ausinės naudotos būklė Puiki,"€69,00",https://reshop.lt/collections/ausines/products/copy-of-turtle-beach-elite-pro-2-superamp-white-br-ausines-naudotos-bukle-puiki
Jabra Elite Sport Titanium Black Ausinės naudotos būklė Puiki,"€69,00",https://reshop.lt/collections/ausines/products/jabra-elite-sport-titanium-black-br-ausines-naudotos-bukle-puiki
Apple AirPods Gen. II su įprastu įkrovimo dėklu būklė Labai gera,"€63,00",https://reshop.lt/collections/ausines/products/apple-airpods-gen-ii-su-iprastu-ikrovimo-deklu
JBL Reflect Contour 2 Black Ausinės naudotos būklė Gera,"€62,00",https://reshop.lt/collections/ausines/products/copy-of-jbl-reflect-mini-2-black-ausines-naudotos-bukle-puiki
Jaybird Tarah Pro Black/Flash Ausinės naudotos būklė Puiki,"€59,00",https://reshop.lt/collections/ausines/products/jaybird-tarah-pro-black-flash-grade-a
Razer THRESHER 7.1 Black Ausinės naudotos būklė Puiki,"€59,00",https://reshop.lt/collections/ausines/products/razer-thresher-7-1-black-grade-a
JBL Reflect Flow Black Ausinės naudotos būklė Puiki,"€59,00",https://reshop.lt/collections/ausines/products/jbl-reflect-flow-black-br-ausines-naudotos-bukle-puiki
JBL Under Armour True Wireless Flash Black Ausinės naudotos būklė Puiki,"€59,00",https://reshop.lt/collections/ausines/products/jbl-under-armour-true-wireless-flash-black-grade-a
Jaybird Tarah Pro Blue Ausinės naudotos būklė Labai gera,"€59,00",https://reshop.lt/collections/ausines/products/jaybird-tarah-pro-blue-grade-b
Plantronics RIG 800HD Black Ausinės naudotos būklė Puiki,"€59,00",https://reshop.lt/collections/ausines/products/plantronics-rig-800hd-black-grade-a
Logitech G935 Black Ausinės naudotos būklė Labai gera,"€58,00",https://reshop.lt/collections/ausines/products/logitech-g935-black-grade-b
JBL Live 300TWS Ausinės naudotos būklė Puiki,"€57,00",https://reshop.lt/collections/ausines/products/jbl-live-300-tws-br-ausines-naudotos-bukle-puiki
Turtle Beach Elite Atlas Ausinės naudotos būklė Puiki,"€55,00",https://reshop.lt/collections/ausines/products/turtle-beach-elite-atlas-black-grade-a
HyperX Cloud Flight Black Ausinės naudotos būklė Puiki,"€55,00",https://reshop.lt/collections/ausines/products/hyperx-cloud-flight-black-grade-a
Logitech G Pro Black Ausinės naudotos būklė Puiki,"€50,00",https://reshop.lt/collections/ausines/products/logitech-g-pro-black-grade-a
BeatsX Ausinės naudotos būklė Puiki,"€50,00",https://reshop.lt/collections/ausines/products/beatsx-white-br-ausines-naudotos-bukle-puiki
Logitech Pro X Black Ausinės naudotos būklė Puiki,"€49,00",https://reshop.lt/collections/ausines/products/logitech-pro-x-black-grade-a
HyperX Cloud Alpha Red Ausinės naudotos būklė Puiki,"€49,00",https://reshop.lt/collections/ausines/products/hyperx-cloud-alpha-red-grade-a
HyperX Cloud II  Ausinės naudotos būklė Puiki,"€49,00",https://reshop.lt/collections/ausines/products/hyperx-cloud-ii-gunmetal-grade-a
Beats Powerbeats 3 wireless  Ausinės naudotos būklė Puiki,"€49,00",https://reshop.lt/collections/ausines/products/beats-powerbeats-3-wireless-black-br-ausines-naudotos-bukle-puiki
Sudio FEM Pink Ausinės naudotos būklė Puiki,"€49,00",https://reshop.lt/collections/ausines/products/sudio-fem-pink-br-ausines-naudotos-bukle-puiki
Sudio FEM Black Ausinės naudotos būklė Puiki,"€49,00",https://reshop.lt/collections/ausines/products/sudio-fem-black-br-ausines-naudotos-bukle-puiki
JBL Reflect Contour 2 Black Ausinės naudotos būklė Puiki,"€49,00",https://reshop.lt/collections/ausines/products/jbl-reflect-contour-2-black-br-ausines-naudotos-bukle-puiki
Corsair HS70 Pro Wireless Carbon Ausinės naudotos būklė Labai gera,"€49,00",https://reshop.lt/collections/ausines/products/corsair-hs70-pro-wireless-carbon-br-ausines-naudotos-bukle-labai-gera
Urbanista Paris Fluffy Cloud Ausinės naudotos būklė Puiki,"€49,00",https://reshop.lt/collections/ausines/products/copy-of-urbanista-berlin-dark-clown-ausines-naudotos-bukle-puiki-1
Beats Powerbeats 3 wireless  Ausinės naudotos būklė Puiki,"€49,00",https://reshop.lt/collections/ausines/products/beats-powerbeats3-wireless-siren-red-grade-a
Logitech G Pro Black Ausinės naudotos būklė Puiki,"€49,00",https://reshop.lt/collections/ausines/products/logitech-g-pro-professional-gamers-black-grade-a
Sudio TRETTON Classic Blue Ausinės naudotos būklė Labai gera,"€49,00",https://reshop.lt/collections/ausines/products/sudio-tretton-classic-blue-grade-b-pazeista-pakuote
Sudio FEM White Ausinės naudotos būklė Puiki,"€49,00",https://reshop.lt/collections/ausines/products/sudio-fem-white-grade-a
Corsair Void Pro RGB Wireless Carbon Ausinės naudotos būklė Puiki,"€49,00",https://reshop.lt/collections/ausines/products/corsair-void-pro-rgb-wireless-carbon-grade-a
Fitbit Flyer Ausinės naudotos būklė Puiki,"€49,00",https://reshop.lt/collections/ausines/products/fitbit-flyer-br-ausines-naudotos-bukle-puiki
Bose Soundport Free Wireless Black Ausinės naudotos būklė Puiki,"€49,00",https://reshop.lt/collections/ausines/products/bose-soundport-free-wireless-black-br-ausines-naudotos-bukle-puiki
HyperX Cloud II Red Ausinės naudotos būklė Puiki,"€49,00",https://reshop.lt/collections/ausines/products/hyper-x-cloud-ii-red-grade-a
JBL Reflect Mini 2 Green Ausinės naudotos būklė Puiki,"€48,00",https://reshop.lt/collections/ausines/products/jbl-reflect-mini-2-green-grade-a
HyperX Cloud Gun metal Ausinės naudotos būklė Puiki,"€46,00",https://reshop.lt/collections/ausines/products/hyperx-cloud-pro-gun-metalgrade-a
BeatsX  Ausinės naudotos būklė Labai gera,"€45,00",https://reshop.lt/collections/ausines/products/beatsx-white-grade-b-pazeista-pakuote
Jaybird X4 Black Metallic/Flash Ausinės naudotos būklė Puiki,"€40,00",https://reshop.lt/collections/ausines/products/jaybird-x4-black-metallic-flash-grade-a
Corsair HS70 Pro Wireless Carbon Ausinės naudotos būklė Puiki,"€40,00",https://reshop.lt/collections/ausines/products/corsair-hs70-pro-wireless-black-grade-a
JBL Reflect Mini 2 black Ausinės naudotos būklė Puiki,"€40,00",https://reshop.lt/collections/ausines/products/copy-of-jbl-reflect-mini-2-blue-ausines-naudotos-bukle-puiki
Jaybird X4 Storm Metallic/Glacier Ausinės naudotos būklė Puiki,"€40,00",https://reshop.lt/collections/ausines/products/jaybird-x4-storm-metallic-glacier-grade-a
Corsair HS70 SE Wireless Gold Ausinės naudotos būklė Puiki,"€39,00",https://reshop.lt/collections/ausines/products/corsair-hs70-se-wireless-gold-grade-a
Sudio TOLV Black Ausinės naudotos būklė Puiki,"€39,00",https://reshop.lt/collections/ausines/products/sudio-tolv-black-br-ausines-naudotos-bukle-puiki
JBL Tune 115 TWS Ausinės naudotos būklė Puiki,"€39,00",https://reshop.lt/collections/ausines/products/jbl-tune-115-tws-br-ausines-naudotos-bukle-puiki
Plantronics RIG 500 Pro Ausinės naudotos būklė Puiki,"€39,00",https://reshop.lt/collections/ausines/products/plantronics-rig-500-pro-black-br-ausines-naudotos-bukle-puiki
Urbanears Alby Dusty White Ausinės naudotos būklė Puiki,"€39,00",https://reshop.lt/collections/ausines/products/urbanears-alby-dusty-white-grade-a
Sudio TOLV White Ausinės naudotos būklė Puiki,"€39,00",https://reshop.lt/collections/ausines/products/sudio-tolv-white-grade-a
Razer KRAKEN Tournament Edition Black Ausinės naudotos būklė Puiki,"€39,00",https://reshop.lt/collections/ausines/products/razer-kraken-tournament-edition-black-grade-a
JBL Tune 225 TWS Ausinės naudotos būklė Puiki,"€38,00",https://reshop.lt/collections/ausines/products/jbl-tune-225-tws-br-ausines-naudotos-bukle-puiki
Razer KRAKEN Black Ausinės naudotos būklė Puiki,"€34,00",https://reshop.lt/collections/ausines/products/razer-kraken-black-grade-a
Razer KRAKEN Tournament Edition Black Ausinės naudotos būklė Labai gera,"€32,00",https://reshop.lt/collections/ausines/products/razer-kraken-tournament-edition-black-grade-b
Samsung Gear IconX 2018 Black Ausinės naudotos būklė Puiki,"€30,00",https://reshop.lt/collections/ausines/products/samsung-gear-iconx-2018-black-br-ausines-naudotos-bukle-puiki
Sudio TOLV R Black Ausinės naudotos būklė Puiki,"€30,00",https://reshop.lt/collections/ausines/products/sudio-tolv-r-black-br-ausines-naudotos-bukle-puiki
Jaybird Freedom Red Ausinės naudotos būklė Puiki,"€30,00",https://reshop.lt/collections/ausines/products/jaybird-freedom-red-br-ausines-naudotos-bukle-puiki
Jaybird Freedom 2 Ausinės naudotos būklė Puiki,"€30,00",https://reshop.lt/collections/ausines/products/jaybird-freedom-2-white-br-ausines-naudotos-bukle-puiki
Sound By Sweden Nero-TX White Ausinės naudotos būklė Puiki,"€30,00",https://reshop.lt/collections/ausines/products/copy-of-sound-by-sweden-nero-tx-black-ausines-naudotos-bukle-puiki
Sound By Sweden Nero-TX Black Ausinės naudotos būklė Puiki,"€30,00",https://reshop.lt/collections/ausines/products/sound-by-sweden-nero-tx-black-ausines-naudotos-bukle-puiki
Jaybird Tarah Black-Metallic/Flash Ausinės naudotos būklė Gera,"€30,00",https://reshop.lt/collections/ausines/products/jaybird-tarah-black-metallic-flash-grade-a
Jaybird Freedom 2 Carbon Ausinės naudotos būklė Puiki,"€30,00",https://reshop.lt/collections/ausines/products/jaybird-freedom-2-black-grade-a
Huawei Free Buds 3 Ausinės naudotos būklė Puiki,"€30,00",https://reshop.lt/collections/ausines/products/huawei-free-buds-3-white-br-ausines-naudotos-bukle-puiki
Logitech G633 Artemis Spectrum Black Ausinės naudotos būklė Puiki,"€30,00",https://reshop.lt/collections/ausines/products/logitech-g633-artemis-spectrum-black-grade-a
JAYS F- Five True wireless White Ausinės naudotos būklė Puiki,"€29,00",https://reshop.lt/collections/ausines/products/jays-t-five-true-wireless-white-br-ausines-naudotos-bukle-puiki
Urbanears Plattan 2 Bluetooth Ausinės naudotos būklė Puiki,"€29,00",https://reshop.lt/collections/ausines/products/urbanears-plattan-2-bluetooth-grey-br-ausines-naudotos-bukle-puiki
Urbanears Plattan 2 Bluetooth  Ausinės naudotos būklė Puiki,"€29,00",https://reshop.lt/collections/ausines/products/urbanears-plattan-2-bluetooth-black-grade-a
Plantronics RIG 400 Black Ausinės naudotos būklė Puiki,"€29,00",https://reshop.lt/collections/ausines/products/plantronics-rig-400-black-grade-a
Jabra Elite Active 65t Titanium Black Ausinės naudotos būklė Puiki,"€29,00",https://reshop.lt/collections/ausines/products/copy-of-jabra-elite-active-65t-copper-blue-ausines-naudotos-bukle-puiki
Urbanista Madrid Fluffy Cloud Ausinės naudotos būklė Puiki,"€28,90",https://reshop.lt/collections/ausines/products/urbanista-madrid-fluffy-cloud-br-ausines-naudotos-bukle-puiki
Urbanista Madrid Rose Gold Ausinės naudotos būklė Puiki,"€28,90",https://reshop.lt/collections/ausines/products/copy-of-urbanista-rio-dark-clown-ausines-naudotos-bukle-puiki
Corsair HS45 Surround Carbon Ausinės naudotos būklė Labai gera,"€28,00",https://reshop.lt/collections/ausines/products/copy-of-corsair-hs50-stereo-carbon-ausines-naudotos-bukle-puiki
Plantronics RIG 400HS Black Ausinės naudotos būklė Puiki,"€26,00",https://reshop.lt/collections/ausines/products/plantronics-rig-400hs-black-grade-a
Plantronics RIG 400HS Arctic Camo Ausinės naudotos būklė Puiki,"€26,00",https://reshop.lt/collections/ausines/products/plantronics-rig-400hs-arctic-camo-br-ausines-naudotos-bukle-puiki
HyperX Cloud Core Ausinės naudotos būklė Puiki,"€25,00",https://reshop.lt/collections/ausines/products/hyperx-cloud-core
JBL Tune 205 BT Ausinės naudotos būklė Puiki,"€23,00",https://reshop.lt/collections/ausines/products/jbl-tune-205-bt-br-ausines-naudotos-bukle-puiki
Urbanista Rio Dark Clown Ausinės naudotos būklė Puiki,"€20,00",https://reshop.lt/collections/ausines/products/copy-of-urbanista-boston-dark-clown-ausines-naudotos-bukle-puiki
Marshall MODE Black Ausinės naudotos būklė Puiki,"€19,00",https://reshop.lt/collections/ausines/products/marshall-mode-black-grade-a
Urbanista Chicago Grey Ausinės naudotos būklė Puiki,"€17,00",https://reshop.lt/collections/ausines/products/urbanista-chicago-grey-br-ausines-naudotos-bukle-puiki
Urbanista Tokyo Dark Clown Ausinės naudotos būklė Puiki,"€17,00",https://reshop.lt/collections/ausines/products/urbanista-tokyo-dark-clown-br-ausines-naudotos-bukle-puiki
Turtle Beach Recon 150 Black Ausinės naudotos būklė Puiki,"€14,99",https://reshop.lt/collections/ausines/products/turtle-beach-recon-150-black-grade-a
Urbanista Boston  Ausinės naudotos būklė Puiki,"€13,00",https://reshop.lt/collections/ausines/products/copy-of-urbanista-berlin-dark-clown-ausines-naudotos-bukle-puiki
JBL Inspire 300 Teal Ausinės naudotos būklė Labai gera (Be dėžutės),"€12,00",https://reshop.lt/collections/ausines/products/copy-of-jbl-endurance-sprint-black-ausines-naudotos-bukle-puiki-1
Urbanista Berlin Dark Clown Ausinės naudotos būklė Puiki,"€9,00",https://reshop.lt/collections/ausines/products/urbanista-berlin-dark-clown-ausines-naudotos-bukle-puiki
